<?xml version="1.0" encoding="UTF-8" ?>
<!DOCTYPE mapper
  PUBLIC "-//mybatis.org//DTD Mapper 3.0//EN"
  "http://mybatis.org/dtd/mybatis-3-mapper.dtd">
<mapper namespace="board.dao.BoardDAO">
	<resultMap type="boardVO" id="boardMap">
		<result column="view_cnt" property="viewCnt" />
		<result column="reg_date" property="regDate" />
	</resultMap>	
	<select id="selectByNo" resultMap="boardMap" parameterType="int">
		select no, title, writer, content, view_cnt
		,to_char(reg_date, 'yyyy-mm-dd') as reg_date
		from t_board
		where no= #{no}
	</select>
   <select id="selectAll" resultType="boardVO">
      select no, title, writer, to_char(reg_date, 'yy-mm-dd') as regDate
      from t_board
   </select>
   <select id="insert" resultType="boardVO">
      insert into t_board(no, title, writer, content)
      values(seq_t_board_no.nextval, #{title}, #{writer}, #{content})
   </select>
</mapper>