<?xml version="1.0" encoding="UTF-8"?>
<beans xmlns="http://www.springframework.org/schema/beans"
    xmlns:mvc="http://www.springframework.org/schema/mvc"
    xmlns:context="http://www.springframework.org/schema/context"
    xmlns:xsi="http://www.w3.org/2001/XMLSchema-instance"
    xsi:schemaLocation="http://www.springframework.org/schema/beans   
    http://www.springframework.org/schema/beans/spring-beans.xsd
    http://www.springframework.org/schema/context   
    http://www.springframework.org/schema/context/spring-context.xsd
    http://www.springframework.org/schema/mvc
    http://www.springframework.org/schema/mvc/spring-mvc.xsd">

	<context:component-scan base-package="kr.ac.kopo" />
	
    <mvc:annotation-driven >
    	<mvc:message-converters>
    		<bean 
    			class="org.springframework.http.converter.json.MappingJackson2HttpMessageConverter">
    			<property name="supportedMediaTypes">
    				<list>
    					<value>text/html; charset=utf-8</value>
    					<value>application/json; charset=utf-8</value>
    				</list>
    			</property>
    		</bean>
    		<bean class="org.springframework.http.converter.StringHttpMessageConverter" >
    			<property name="supportedMediaTypes">
    				<list>
    					<value>text/html; charset=UTF-8</value>
    				</list>
    			</property>
    		</bean>
    	</mvc:message-converters>
    </mvc:annotation-driven>
    
    <bean id="dataSource" class="org.apache.commons.dbcp.BasicDataSource" destroy-method="close">
    	<property name="driverClassName" value="oracle.jdbc.driver.OracleDriver" />
    	<property name="url" value="jdbc:oracle:thin:@localhost:1521:xe" />
    	<property name="username" value="wanee" />
    	<property name="password" value="5555" />
    </bean>
    
    <!-- sqlSessionFactory 객체 만들기 -->
    <bean id="sqlSessionFactory" class="org.mybatis.spring.SqlSessionFactoryBean">
    	<!-- setter 주입 -->
    	<property name="dataSource" ref="dataSource" />
    	<property name="configLocation" value="classpath:config/mybatis/sqlMapConfig.xml"/>
    	<property name="mapperLocations" value="classpath:config/sqlmap/oracle/*.xml" />
    	<!-- <property name="mapperLocations" value="classpath:config/sqlmap/**/*.xml" /> 원래 이렇게 써도 됨 -->
    </bean>
    
    <bean id="sqlSessionTemplate" class="org.mybatis.spring.SqlSessionTemplate">
    	<constructor-arg ref="sqlSessionFactory" />
    </bean>
    
	<mvc:default-servlet-handler />
	
	<!-- ModelAndView("dir1/filename") 이런식으로 생성자에 인자로 요청 uri를 넣으면, 뒤에 자동으로 .jsp가 붙은걸로 인식 -->
	<mvc:view-resolvers>
		<mvc:jsp prefix="/WEB-INF/jsp/" suffix=".jsp" />
	</mvc:view-resolvers>
	
   <bean class="kr.ac.kopo.interceptor.LoginInterceptor" id="loginInterceptor" />
   <mvc:interceptors>
      <mvc:interceptor>
         <mvc:mapping path="/**/"/> <!-- depth가 어떻든 그 이하의 모든 파일 -->
         <mvc:exclude-mapping path="/login"/>
         <mvc:exclude-mapping path="/logout"/>
         <mvc:exclude-mapping path="/board"/>
         <mvc:exclude-mapping path="/resources/**"/>
         <ref bean="loginInterceptor" />
      </mvc:interceptor>
   </mvc:interceptors>

</beans>